type,name,id,users/password,items/splits,total
Bill,bill1,844350,[469148335],[],0.000000
Bill,bill2,620480,[903833313;469148335],[[Salad;801233810;8.000000]/[Pie;824417019;10.000000]/[Soft Drink;263046785;10.000000]/[Burger;778368347;10.000000]],38.000000
Bill,bill3,769360,[162886574;469148335;584128221;903833313],[[hotdog;798034583;6.000000]/[Salad;423168286;8.000000]/[Soft Drink;811913438;10.000000]/[Pie;273154773;10.000000]/[Burger;862637941;10.000000]],44.000000
User,rob,469148335,123,[[1.500000;769360;798034583]/[2.000000;769360;423168286]/[2.500000;769360;811913438]/[2.500000;769360;273154773]/[2.500000;769360;862637941]/[4.000000;620480;801233810]/[5.000000;620480;824417019]/[5.000000;620480;263046785]/[5.000000;620480;778368347]]
User,toryn,162886574,123,[[1.500000;769360;798034583]/[2.000000;769360;423168286]/[2.500000;769360;811913438]/[2.500000;769360;273154773]/[2.500000;769360;862637941]]
User,samantha,584128221,123,[[1.500000;769360;798034583]/[2.000000;769360;423168286]/[2.500000;769360;811913438]/[2.500000;769360;273154773]/[2.500000;769360;862637941]]
User,usnavi,903833313,hi,[[1.500000;769360;798034583]/[2.000000;769360;423168286]/[2.500000;769360;811913438]/[2.500000;769360;273154773]/[2.500000;769360;862637941]/[4.000000;620480;801233810]/[5.000000;620480;824417019]/[5.000000;620480;263046785]/[5.000000;620480;778368347]]
